{
  "project_info": {
    "project_number": "47231724121",
    "firebase_url": "https://flash-chat-9a942.firebaseio.com",
    "project_id": "flash-chat-9a942",
    "storage_bucket": "flash-chat-9a942.appspot.com"
  },
  "client": [
    {
      "client_info": {
        "mobilesdk_app_id": "1:47231724121:android:1a806a753d829a66b61f48",
        "android_client_info": {
          "package_name": "co.ishita.flash_ch"
        }
      },
      "oauth_client": [
        {
          "client_id": "47231724121-sehhbek1p37v8orfcnqb2ljinedtiicu.apps.googleusercontent.com",
          "client_type": 3
        }
      ],
      "api_key": [
        {
          "current_key": "AIzaSyB2bhlLmBR_EwWMofofC1MbMjK2H8p-nk8"
        }
      ],
      "services": {
        "appinvite_service": {
          "other_platform_oauth_client": [
            {
              "client_id": "47231724121-sehhbek1p37v8orfcnqb2ljinedtiicu.apps.googleusercontent.com",
              "client_type": 3
            }
          ]
        }
      }
    }
  ],
  "configuration_version": "1"
}